[{"name":"NID","value":"xxx","domain":".google.com","path":"/","expires":1662303164.34413,"size":182,"httpOnly":true,"secure":true,"session":false,"sameSite":"None","sameParty":false,"sourceScheme":"Secure","sourcePort":443},{"name":"SSID","value":"xxx","domain":".google.com","path":"/","expires":1709563852.134954,"size":21,"httpOnly":true,"secure":true,"session":false,"sameParty":false,"sourceScheme":"Secure","sourcePort":443},{"name":"__Secure-3PAPISID","value":"xxx","domain":".google.com","path":"/","expires":1709563852.135092,"size":51,"httpOnly":false,"secure":true,"session":false,"sameSite":"None","sameParty":false,"sourceScheme":"Secure","sourcePort":443},{"name":"HSID","value":"xxx","domain":".google.com","path":"/","expires":1709563852.134906,"size":21,"httpOnly":true,"secure":false,"session":false,"sameParty":false,"sourceScheme":"Secure","sourcePort":443},{"name":"__Secure-3PSID","value":"xxx","domain":".google.com","path":"/","expires":1709563852.134771,"size":85,"httpOnly":true,"secure":true,"session":false,"sameSite":"None","sameParty":false,"sourceScheme":"Secure","sourcePort":443},{"name":"__Secure-1PAPISID","value":"xxx","domain":".google.com","path":"/","expires":1709563852.135056,"size":51,"httpOnly":false,"secure":true,"session":false,"sameParty":true,"sourceScheme":"Secure","sourcePort":443},{"name":"SID","value":"xxx","domain":".google.com","path":"/","expires":1709563852.13458,"size":74,"httpOnly":false,"secure":false,"session":false,"sameParty":false,"sourceScheme":"Secure","sourcePort":443},{"name":"__Secure-1PSID","value":"xxx","domain":".google.com","path":"/","expires":1709563852.134658,"size":85,"httpOnly":true,"secure":true,"session":false,"sameParty":true,"sourceScheme":"Secure","sourcePort":443},{"name":"__Secure-3PSIDCC","value":"xxx","domain":".google.com","path":"/","expires":1678027964.344321,"size":88,"httpOnly":true,"secure":true,"session":false,"sameSite":"None","sameParty":false,"sourceScheme":"Secure","sourcePort":443},{"name":"SAPISID","value":"xxx","domain":".google.com","path":"/","expires":1709563852.135019,"size":41,"httpOnly":false,"secure":true,"session":false,"sameParty":false,"sourceScheme":"Secure","sourcePort":443},{"name":"APISID","value":"xxx","domain":".google.com","path":"/","expires":1709563852.134986,"size":40,"httpOnly":false,"secure":false,"session":false,"sameParty":false,"sourceScheme":"Secure","sourcePort":443},{"name":"SIDCC","value":"xxx","domain":".google.com","path":"/","expires":1678027964.344271,"size":77,"httpOnly":false,"secure":false,"session":false,"sameParty":false,"sourceScheme":"Secure","sourcePort":443},{"name":"_gid","value":"xxx","domain":".colab.research.google.com","path":"/","expires":1646578255,"size":31,"httpOnly":false,"secure":false,"session":false,"sameParty":false,"sourceScheme":"Secure","sourcePort":443},{"name":"_ga","value":"xxx","domain":".colab.research.google.com","path":"/","expires":1709563855,"size":29,"httpOnly":false,"secure":false,"session":false,"sameParty":false,"sourceScheme":"Secure","sourcePort":443}]